mode,round,step,active_tokens,physical_capacity,duration_ms
max,1,10,16384,16384,43.662551790475845
max,1,11,12288,16384,42.64332726597786
max,1,12,3072,16384,42.12089255452156
max,1,13,16384,16384,46.935196965932846
max,1,14,12288,16384,42.680226266384125
max,1,15,3072,16384,40.302518755197525
max,1,16,16384,16384,43.421126902103424
max,1,17,12288,16384,42.17234626412392
max,1,18,3072,16384,41.16036742925644
max,1,19,16384,16384,46.990785747766495
max,1,20,12288,16384,42.62921214103699
max,1,21,3072,16384,41.272249072790146
max,1,22,16384,16384,42.76642948389053
max,1,23,12288,16384,44.561341404914856
max,1,24,3072,16384,40.685560554265976
max,1,25,16384,16384,43.6546616256237
max,1,26,12288,16384,46.19358852505684
max,1,27,3072,16384,39.63998332619667
max,1,28,16384,16384,42.61096194386482
max,1,29,12288,16384,42.998820543289185
max,1,30,3072,16384,41.328903287649155
max,1,31,16384,16384,42.84505173563957
max,1,32,12288,16384,42.70646348595619
max,1,33,3072,16384,40.388427674770355
max,1,34,16384,16384,41.561443358659744
max,1,35,12288,16384,44.22684758901596
max,1,36,3072,16384,39.671238511800766
max,1,37,16384,16384,45.325055718421936
max,1,38,12288,16384,41.66780412197113
max,1,39,3072,16384,40.87276756763458
max,1,40,16384,16384,41.6034460067749
max,2,10,16384,16384,43.85886713862419
max,2,11,12288,16384,42.49237850308418
max,2,12,3072,16384,42.13004559278488
max,2,13,16384,16384,47.174617648124695
max,2,14,12288,16384,42.77880862355232
max,2,15,3072,16384,40.30676186084747
max,2,16,16384,16384,43.556369841098785
max,2,17,12288,16384,42.2125943005085
max,2,18,3072,16384,41.0279706120491
max,2,19,16384,16384,46.76239937543869
max,2,20,12288,16384,42.40686073899269
max,2,21,3072,16384,41.19086265563965
max,2,22,16384,16384,42.58409142494202
max,2,23,12288,16384,44.53275352716446
max,2,24,3072,16384,40.76240956783295
max,2,25,16384,16384,43.523453176021576
max,2,26,12288,16384,46.043213456869125
max,2,27,3072,16384,39.541080594062805
max,2,28,16384,16384,42.5996370613575
max,2,29,12288,16384,43.03434491157532
max,2,30,3072,16384,41.41506180167198
max,2,31,16384,16384,42.827945202589035
max,2,32,12288,16384,42.82205179333687
max,2,33,3072,16384,40.37376120686531
max,2,34,16384,16384,42.720720171928406
max,2,35,12288,16384,44.07298564910889
max,2,36,3072,16384,39.58575427532196
max,2,37,16384,16384,45.30924931168556
max,2,38,12288,16384,41.59395769238472
max,2,39,3072,16384,41.04297235608101
max,2,40,16384,16384,41.7892150580883
max,3,10,16384,16384,43.60906779766083
max,3,11,12288,16384,42.46458783745766
max,3,12,3072,16384,41.961394250392914
max,3,13,16384,16384,46.816788613796234
max,3,14,12288,16384,42.73461923003197
max,3,15,3072,16384,40.0288924574852
max,3,16,16384,16384,43.25830191373825
max,3,17,12288,16384,42.13275760412216
max,3,18,3072,16384,40.962103754282
max,3,19,16384,16384,46.69845476746559
max,3,20,12288,16384,42.417366057634354
max,3,21,3072,16384,41.0405732691288
max,3,22,16384,16384,42.64659807085991
max,3,23,12288,16384,44.4183275103569
max,3,24,3072,16384,40.86220636963844
max,3,25,16384,16384,43.52910444140434
max,3,26,12288,16384,46.16020992398262
max,3,27,3072,16384,39.453402161598206
max,3,28,16384,16384,42.40419715642929
max,3,29,12288,16384,42.72640869021416
max,3,30,3072,16384,41.50468856096268
max,3,31,16384,16384,42.773593217134476
max,3,32,12288,16384,42.71446168422699
max,3,33,3072,16384,40.533680468797684
max,3,34,16384,16384,41.656363755464554
max,3,35,12288,16384,43.85479539632797
max,3,36,3072,16384,39.66177627444267
max,3,37,16384,16384,45.19961774349213
max,3,38,12288,16384,41.63765534758568
max,3,39,3072,16384,40.779974311590195
max,3,40,16384,16384,41.510120034217834
buckets,1,10,16384,16384,43.637119233608246
buckets,1,11,12288,12288,37.8328375518322
buckets,1,12,3072,4096,27.703139930963516
buckets,1,13,16384,16384,47.184254974126816
buckets,1,14,12288,12288,38.1481759250164
buckets,1,15,3072,4096,26.08712762594223
buckets,1,16,16384,16384,43.98326203227043
buckets,1,17,12288,12288,37.637896835803986
buckets,1,18,3072,4096,26.78232640028
buckets,1,19,16384,16384,46.95604741573334
buckets,1,20,12288,12288,37.59770467877388
buckets,1,21,3072,4096,26.953240856528282
buckets,1,22,16384,16384,42.964570224285126
buckets,1,23,12288,12288,39.98155891895294
buckets,1,24,3072,4096,26.561381295323372
buckets,1,25,16384,16384,43.992120772600174
buckets,1,26,12288,12288,41.4559468626976
buckets,1,27,3072,4096,25.12197382748127
buckets,1,28,16384,16384,42.90875419974327
buckets,1,29,12288,12288,37.52947971224785
buckets,1,30,3072,4096,27.20070071518421
buckets,1,31,16384,16384,43.205369263887405
buckets,1,32,12288,12288,38.11953589320183
buckets,1,33,3072,4096,26.34941041469574
buckets,1,34,16384,16384,41.85180366039276
buckets,1,35,12288,12288,39.51346501708031
buckets,1,36,3072,4096,25.55801346898079
buckets,1,37,16384,16384,45.033592730760574
buckets,1,38,12288,12288,37.100281566381454
buckets,1,39,3072,4096,26.62346325814724
buckets,1,40,16384,16384,42.061805725097656
buckets,2,10,16384,16384,45.996733009815216
buckets,2,11,12288,12288,37.993982434272766
buckets,2,12,3072,4096,28.09474803507328
buckets,2,13,16384,16384,47.59107157588005
buckets,2,14,12288,12288,37.88166120648384
buckets,2,15,3072,4096,25.986669585108757
buckets,2,16,16384,16384,43.42065379023552
buckets,2,17,12288,12288,37.877246737480164
buckets,2,18,3072,4096,26.901431381702423
buckets,2,19,16384,16384,46.98682576417923
buckets,2,20,12288,12288,37.935417145490646
buckets,2,21,3072,4096,26.739755645394325
buckets,2,22,16384,16384,42.974554002285004
buckets,2,23,12288,12288,39.832063019275665
buckets,2,24,3072,4096,26.472652330994606
buckets,2,25,16384,16384,44.018786400556564
buckets,2,26,12288,12288,41.31438583135605
buckets,2,27,3072,4096,25.416504591703415
buckets,2,28,16384,16384,42.97034814953804
buckets,2,29,12288,12288,38.02071511745453
buckets,2,30,3072,4096,26.735832914710045
buckets,2,31,16384,16384,43.22297126054764
buckets,2,32,12288,12288,37.774670869112015
buckets,2,33,3072,4096,26.19802951812744
buckets,2,34,16384,16384,41.837312281131744
buckets,2,35,12288,12288,39.5529605448246
buckets,2,36,3072,4096,25.49736388027668
buckets,2,37,16384,16384,45.30894011259079
buckets,2,38,12288,12288,36.80587559938431
buckets,2,39,3072,4096,26.735244318842888
buckets,2,40,16384,16384,41.574545204639435
buckets,3,10,16384,16384,43.607812374830246
buckets,3,11,12288,12288,37.79655322432518
buckets,3,12,3072,4096,27.759691700339317
buckets,3,13,16384,16384,47.60243743658066
buckets,3,14,12288,12288,38.070425391197205
buckets,3,15,3072,4096,25.396255776286125
buckets,3,16,16384,16384,43.8309907913208
buckets,3,17,12288,12288,37.68853843212128
buckets,3,18,3072,4096,26.663120836019516
buckets,3,19,16384,16384,46.996306627988815
buckets,3,20,12288,12288,37.51131519675255
buckets,3,21,3072,4096,26.833493262529373
buckets,3,22,16384,16384,42.91369393467903
buckets,3,23,12288,12288,39.37738016247749
buckets,3,24,3072,4096,26.03849209845066
buckets,3,25,16384,16384,43.93117129802704
buckets,3,26,12288,12288,41.06679558753967
buckets,3,27,3072,4096,24.857310578227043
buckets,3,28,16384,16384,42.89371520280838
buckets,3,29,12288,12288,37.9798486828804
buckets,3,30,3072,4096,26.585310697555542
buckets,3,31,16384,16384,43.222807347774506
buckets,3,32,12288,12288,37.66236454248428
buckets,3,33,3072,4096,25.95401182770729
buckets,3,34,16384,16384,41.738249361515045
buckets,3,35,12288,12288,39.24251347780228
buckets,3,36,3072,4096,25.47634392976761
buckets,3,37,16384,16384,45.05077376961708
buckets,3,38,12288,12288,36.97006776928902
buckets,3,39,3072,4096,26.5487227588892
buckets,3,40,16384,16384,41.09964892268181
